产品,所在地,价格
黄皮椒,广东湛江市雷州市,0.37元/斤
黄皮椒,广东湛江市雷州市,0.37元/斤
黄皮椒,广东湛江市雷州市,0.37元/斤
黄皮椒,广东湛江市雷州市,0.37元/斤
黄皮椒,广东湛江市雷州市,0.37元/斤
黄皮椒,广东湛江市雷州市,0.37元/斤
黄皮椒,广东湛江市雷州市,0.37元/斤
黄皮椒,广东湛江市雷州市,0.37元/斤
黄皮椒,广东湛江市雷州市,0.37元/斤
黄皮椒,广东湛江市雷州市,0.37元/斤
黄皮椒,广东湛江市雷州市,0.37元/斤
黄皮椒,广东湛江市雷州市,0.37元/斤
黄皮椒,广东湛江市雷州市,0.37元/斤
黄皮椒,广东湛江市雷州市,0.37元/斤
黄皮椒,广东湛江市雷州市,0.37元/斤
黄皮椒,广东湛江市雷州市,0.37元/斤
黄皮椒,广东湛江市雷州市,0.37元/斤
黄皮椒,广东湛江市雷州市,0.37元/斤
黄皮椒,广东湛江市雷州市,0.37元/斤
黄皮椒,广东湛江市雷州市,0.37元/斤
黄皮椒,广东湛江市雷州市,0.37元/斤
黄皮椒,广东湛江市雷州市,0.37元/斤
黄皮椒,广东湛江市雷州市,0.37元/斤
黄皮椒,广东湛江市雷州市,0.37元/斤
黄皮椒,广东湛江市雷州市,0.37元/斤
黄皮椒,广东湛江市雷州市,0.37元/斤
黄皮椒,广东湛江市雷州市,0.37元/斤
黄皮椒,广东湛江市雷州市,0.37元/斤
黄皮椒,广东湛江市雷州市,0.37元/斤
黄皮椒,广东湛江市雷州市,0.37元/斤
黄皮椒,广东湛江市雷州市,0.37元/斤
黄皮椒,广东湛江市雷州市,0.37元/斤
黄皮椒,广东湛江市雷州市,0.37元/斤
黄皮椒,广东湛江市雷州市,0.37元/斤
黄皮椒,广东湛江市雷州市,0.37元/斤
黄皮椒,广东湛江市雷州市,0.37元/斤
黄皮椒,广东湛江市雷州市,0.37元/斤
黄皮椒,广东湛江市雷州市,0.37元/斤
黄皮椒,广东湛江市雷州市,0.37元/斤
黄皮椒,广东湛江市雷州市,0.37元/斤
黄皮椒,广东湛江市雷州市,0.37元/斤
黄皮椒,广东湛江市雷州市,0.37元/斤
黄皮椒,广东湛江市雷州市,0.37元/斤
黄皮椒,广东湛江市雷州市,0.37元/斤
黄皮椒,广东湛江市雷州市,0.37元/斤
